PeachtreeBank12,Peachtree bank,PeachtreeBank,BANK,PeachTree
PeachtreeBank12,Peachtree bank,PeachtreeBank1,,PeachTree
PeachtreeBank12,PeachtreeBank,BANK,PeachTree
PeachtreeBank12,Peachtree bank,PeachtreeBank,BANK,PeachTree
PeachtreeBank12,Peachtree bank,PeachtreeBank,BANK
PeachtreeBank12,,PeachtreeBank,BANK,PeachTree
PeachtreeBank12,Peachtree bank,PeachtreeBank,BANK1,PeachTree
PeachtreeBank12,Peachtree bank,PeachtreeBank,BANK,PeachTree
PeachtreeBank12,Peachtree bank,PeachtreeBank1,,PeachTree
PeachtreeBank12,PeachtreeBank,BANK,PeachTree
PeachtreeBank12,Peachtree bank,PeachtreeBank,BANK,PeachTree
PeachtreeBank12,Peachtree bank,PeachtreeBank,BANK
PeachtreeBank12,,PeachtreeBank,BANK,PeachTree
PeachtreeBank12,Peachtree bank,PeachtreeBank,BANK1,PeachTree
PeachtreeBank12,Peachtree bank,PeachtreeBank,BANK,PeachTree
PeachtreeBank12,Peachtree bank,PeachtreeBank1,,PeachTree
PeachtreeBank12,PeachtreeBank,BANK,PeachTree
PeachtreeBank12,Peachtree bank,PeachtreeBank,BANK,PeachTree
PeachtreeBank12,Peachtree bank,PeachtreeBank,BANK
PeachtreeBank12,,PeachtreeBank,BANK,PeachTree
PeachtreeBank12,Peachtree bank,PeachtreeBank,BANK1,PeachTree
PeachtreeBank12,Peachtree bank,PeachtreeBank,BANK,PeachTree
PeachtreeBank12,Peachtree bank,PeachtreeBank1,,PeachTree
PeachtreeBank12,PeachtreeBank,BANK,PeachTree
PeachtreeBank12,Peachtree bank,PeachtreeBank,BANK,PeachTree
PeachtreeBank12,Peachtree bank,PeachtreeBank,BANK
PeachtreeBank12,,PeachtreeBank,BANK,PeachTree
PeachtreeBank12,Peachtree bank,PeachtreeBank,BANK1,PeachTree
PeachtreeBank12,Peachtree bank,PeachtreeBank,BANK,PeachTree
PeachtreeBank12,Peachtree bank,PeachtreeBank1,,PeachTree
PeachtreeBank12,PeachtreeBank,BANK,PeachTree
PeachtreeBank12,Peachtree bank,PeachtreeBank,BANK,PeachTree
PeachtreeBank12,Peachtree bank,PeachtreeBank,BANK
PeachtreeBank12,,PeachtreeBank,BANK,PeachTree
PeachtreeBank12,Peachtree bank,PeachtreeBank,BANK1,PeachTree
PeachtreeBank12,Peachtree bank,PeachtreeBank,BANK,PeachTree
PeachtreeBank12,Peachtree bank,PeachtreeBank1,,PeachTree
PeachtreeBank12,PeachtreeBank,BANK,PeachTree
PeachtreeBank12,Peachtree bank,PeachtreeBank,BANK,PeachTree
PeachtreeBank12,Peachtree bank,PeachtreeBank,BANK
PeachtreeBank12,,PeachtreeBank,BANK,PeachTree
PeachtreeBank12,Peachtree bank,PeachtreeBank,BANK1,PeachTree
PeachtreeBank12,Peachtree bank,PeachtreeBank,BANK,PeachTree
PeachtreeBank12,Peachtree bank,PeachtreeBank1,,PeachTree
PeachtreeBank12,PeachtreeBank,BANK,PeachTree
PeachtreeBank12,Peachtree bank,PeachtreeBank,BANK,PeachTree
PeachtreeBank12,Peachtree bank,PeachtreeBank,BANK
PeachtreeBank12,,PeachtreeBank,BANK,PeachTree
PeachtreeBank12,Peachtree bank,PeachtreeBank,BANK1,PeachTree
PeachtreeBank12,Peachtree bank,PeachtreeBank,BANK,PeachTree
PeachtreeBank12,Peachtree bank,PeachtreeBank1,,PeachTree
PeachtreeBank12,PeachtreeBank,BANK,PeachTree
PeachtreeBank12,Peachtree bank,PeachtreeBank,BANK,PeachTree
PeachtreeBank12,Peachtree bank,PeachtreeBank,BANK
PeachtreeBank12,,PeachtreeBank,BANK,PeachTree
PeachtreeBank12,Peachtree bank,PeachtreeBank,BANK1,PeachTree
PeachtreeBank12,Peachtree bank,PeachtreeBank,BANK,PeachTree
PeachtreeBank12,Peachtree bank,PeachtreeBank1,,PeachTree
PeachtreeBank12,PeachtreeBank,BANK,PeachTree
PeachtreeBank12,Peachtree bank,PeachtreeBank,BANK,PeachTree
PeachtreeBank12,Peachtree bank,PeachtreeBank,BANK
PeachtreeBank12,,PeachtreeBank,BANK,PeachTree
PeachtreeBank12,Peachtree bank,PeachtreeBank,BANK1,PeachTree
PeachtreeBank12,Peachtree bank,PeachtreeBank,BANK,PeachTree
PeachtreeBank12,Peachtree bank,PeachtreeBank1,,PeachTree
PeachtreeBank12,PeachtreeBank,BANK,PeachTree
PeachtreeBank12,Peachtree bank,PeachtreeBank,BANK,PeachTree
PeachtreeBank12,Peachtree bank,PeachtreeBank,BANK
PeachtreeBank12,,PeachtreeBank,BANK,PeachTree
PeachtreeBank12,Peachtree bank,PeachtreeBank,BANK1,PeachTree
PeachtreeBank12,Peachtree bank,PeachtreeBank,BANK,PeachTree
PeachtreeBank12,Peachtree bank,PeachtreeBank1,,PeachTree
PeachtreeBank12,PeachtreeBank,BANK,PeachTree
PeachtreeBank12,Peachtree bank,PeachtreeBank,BANK,PeachTree
PeachtreeBank12,Peachtree bank,PeachtreeBank,BANK
PeachtreeBank12,,PeachtreeBank,BANK,PeachTree
PeachtreeBank12,Peachtree bank,PeachtreeBank,BANK1,PeachTree
PeachtreeBank12,Peachtree bank,PeachtreeBank,BANK,PeachTree
PeachtreeBank12,Peachtree bank,PeachtreeBank1,,PeachTree
PeachtreeBank12,PeachtreeBank,BANK,PeachTree
PeachtreeBank12,Peachtree bank,PeachtreeBank,BANK,PeachTree
PeachtreeBank12,Peachtree bank,PeachtreeBank,BANK
PeachtreeBank12,,PeachtreeBank,BANK,PeachTree
PeachtreeBank12,Peachtree bank,PeachtreeBank,BANK1,PeachTree
PeachtreeBank12,Peachtree bank,PeachtreeBank,BANK,PeachTree
PeachtreeBank12,Peachtree bank,PeachtreeBank1,,PeachTree
PeachtreeBank12,PeachtreeBank,BANK,PeachTree
PeachtreeBank12,Peachtree bank,PeachtreeBank,BANK,PeachTree
PeachtreeBank12,Peachtree bank,PeachtreeBank,BANK
PeachtreeBank12,,PeachtreeBank,BANK,PeachTree
PeachtreeBank12,Peachtree bank,PeachtreeBank,BANK1,PeachTree
PeachtreeBank12,Peachtree bank,PeachtreeBank,BANK,PeachTree
PeachtreeBank12,Peachtree bank,PeachtreeBank1,,PeachTree
PeachtreeBank12,PeachtreeBank,BANK,PeachTree
PeachtreeBank12,Peachtree bank,PeachtreeBank,BANK,PeachTree
PeachtreeBank12,Peachtree bank,PeachtreeBank,BANK
PeachtreeBank12,,PeachtreeBank,BANK,PeachTree
PeachtreeBank12,Peachtree bank,PeachtreeBank,BANK1,PeachTree
PeachtreeBank12,Peachtree bank,PeachtreeBank,BANK,PeachTree
PeachtreeBank12,Peachtree bank,PeachtreeBank1,,PeachTree
PeachtreeBank12,PeachtreeBank,BANK,PeachTree
PeachtreeBank12,Peachtree bank,PeachtreeBank,BANK,PeachTree
PeachtreeBank12,Peachtree bank,PeachtreeBank,BANK
PeachtreeBank12,,PeachtreeBank,BANK,PeachTree
PeachtreeBank12,Peachtree bank,PeachtreeBank,BANK1,PeachTree
PeachtreeBank12,Peachtree bank,PeachtreeBank,BANK,PeachTree
PeachtreeBank12,Peachtree bank,PeachtreeBank1,,PeachTree
PeachtreeBank12,PeachtreeBank,BANK,PeachTree
PeachtreeBank12,Peachtree bank,PeachtreeBank,BANK,PeachTree
PeachtreeBank12,Peachtree bank,PeachtreeBank,BANK
PeachtreeBank12,,PeachtreeBank,BANK,PeachTree
PeachtreeBank12,Peachtree bank,PeachtreeBank,BANK1,PeachTree
PeachtreeBank12,Peachtree bank,PeachtreeBank,BANK,PeachTree
PeachtreeBank12,Peachtree bank,PeachtreeBank1,,PeachTree
PeachtreeBank12,PeachtreeBank,BANK,PeachTree
PeachtreeBank12,Peachtree bank,PeachtreeBank,BANK,PeachTree
PeachtreeBank12,Peachtree bank,PeachtreeBank,BANK
PeachtreeBank12,,PeachtreeBank,BANK,PeachTree
PeachtreeBank12,Peachtree bank,PeachtreeBank,BANK1,PeachTree
PeachtreeBank12,Peachtree bank,PeachtreeBank,BANK,PeachTree
PeachtreeBank12,Peachtree bank,PeachtreeBank1,,PeachTree
PeachtreeBank12,PeachtreeBank,BANK,PeachTree
PeachtreeBank12,Peachtree bank,PeachtreeBank,BANK,PeachTree
PeachtreeBank12,Peachtree bank,PeachtreeBank,BANK
PeachtreeBank12,,PeachtreeBank,BANK,PeachTree
PeachtreeBank12,Peachtree bank,PeachtreeBank,BANK1,PeachTree